{
    "columns": [
        "Transaction_Amount",
        "Transaction_Type",
        "Account_Balance",
        "Device_Type",
        "Location",
        "Merchant_Category",
        "IP_Address_Flag",
        "Previous_Fraudulent_Activity",
        "Daily_Transaction_Count",
        "Avg_Transaction_Amount_7d",
        "Failed_Transaction_Count_7d",
        "Card_Type",
        "Card_Age",
        "Transaction_Distance",
        "Authentication_Method",
        "Risk_Score",
        "Is_Weekend"
    ],
    "means": [
        99.4110122,
        1.50382,
        50294.065980800005,
        1.00396,
        2.0094,
        1.99966,
        0.0502,
        0.0984,
        7.48524,
        255.2719244,
        2.00354,
        1.50788,
        119.99994,
        2499.1641554,
        1.49818,
        0.501555518,
        0.29964
    ],
    "stds": [
        98.68630523142231,
        1.1180632395352241,
        28760.170951228203,
        0.8168135150693824,
        1.418023850293076,
        1.4150971289632384,
        0.2183574134303665,
        0.2978547296921773,
        4.039596779679873,
        141.3808655397635,
        1.4142586285400562,
        1.1176304870573277,
        68.98512752757945,
        1441.9994133428552,
        1.1188908291696738,
        0.28777124126978304,
        0.45810028421733157
    ]
}